{
    "Меркушин Ю": 1065.3407262390092,
    "Малахов К": 1070.5344127107687,
    "Гиревенков А": 1015.2407085751792,
    "Огай С": 935.392619379827,
    "Цицельский А": 1064.1129045718474,
    "Чахур В": 1043.0291857595887,
    "Шагаров О": 1036.7636112250668,
    "Сунцов А": 1033.7641130761513,
    "Калашников Е": 1007.4499666705055,
    "Евлахин Д": 991.4817331108368,
    "Власов А": 1018.3890054957652,
    "Волков А": 1044.48097966954,
    "Журба Н": 1047.3939670233065,
    "Раменский И": 1017.1704940114398,
    "Федосов А": 1003.9346433223219,
    "Жигалов В": 982.097310445783,
    "Савинский А": 1027.422591783937,
    "Симонов С": 1023.6058570185323,
    "Вшивков П": 1088.281389119971,
    "Цветков Э": 997.2035967104988,
    "Лисов А": 980.9656113066235,
    "Ворожейкин А": 994.0523044902803,
    "Алов Р": 1048.4598651321842,
    "Трушкин А": 1033.5023718541293,
    "Овечкин С": 970.9770264480495,
    "Пронин В": 1035.710063076799,
    "Богданов Д": 923.3951373186782,
    "Кутин В": 988.6063787974841,
    "Саркисов В": 920.5095959402398,
    "Михеев Д": 960.6775502335572,
    "Чернов В": 1000.3376239157541,
    "Леднев И": 995.9808560062258,
    "Козлов А": 945.5574493645797,
    "Казаков А": 1025.335648739083,
    "Полетаев И": 949.6277657067814,
    "Мохначев А": 1047.02860403238,
    "Разинков Т": 972.0291118841983,
    "Евлампиев В": 1079.0617906711593,
    "Анисимов Е": 965.2148885970322,
    "Куликова О": 983.128300797226,
    "Метелешко И": 955.8518694269893,
    "Воробьева О": 1018.0256225455814,
    "Калачев В": 1004.3396260974246,
    "Мусликов С": 955.0064820706766,
    "Путиловский В": 1035.211696655975,
    "Прохорова Ю": 1016.316118294355,
    "Староверов В": 1002.4608392887021,
    "Медведев П": 1055.7051633622125,
    "Рязанова А": 991.619365610856,
    "Земит И": 997.0676551686674,
    "Варданян С": 946.7471802909043,
    "Королев С": 1007.2934651746679,
    "Михайлов И": 1070.815402264469,
    "Разинков Д": 999.7098650605118,
    "Купряков Е": 1036.1651749179302,
    "Шмаков А": 1034.326398951516,
    "Пиньковский П": 1023.1006721945198,
    "Солдатов И": 998.4166654017117,
    "Алексеев А": 956.8316798721186,
    "Чеклин М": 1005.4984912846706,
    "Андрусенко М": 980.7085236422205,
    "Иванов Ва": 974.83099008965,
    "Кутузов О": 1049.381847846405,
    "Сидорин В": 985.0898210653838,
    "Павленко Р": 1051.9210782490104,
    "Асланян А": 1024.1526918760665,
    "Мягков С": 943.253124002106,
    "Сухарников Н": 1038.9322003798277,
    "Ильин А": 1121.6520326473656,
    "Лбов Ю": 953.5972256831108,
    "Белугин О": 1011.4281692057277,
    "Зирин А": 1044.147748879773,
    "Гаврилов Ю": 1050.7403806641626,
    "Богомолов А": 973.6312493418535,
    "Тихненко Д": 996.096415008493,
    "Голышев А": 969.0648305646273,
    "Хомутов С": 1009.090291591955,
    "Серебренников А": 1042.7730696126068,
    "Матвеев И": 948.971468118613,
    "Троянов Я": 1034.293584648391,
    "Лобанов А": 916.2821242180903,
    "Новиков И": 934.1950010277292,
    "Либацкий А": 928.2158841672766,
    "Слащилин А": 1040.214801789944,
    "Мережко А": 1027.3258234576044,
    "Яковлев А": 973.4242763723761,
    "Попов Д": 1059.4609893540046,
    "Мануйлов О": 972.7457352934035,
    "Ким Сен": 910.8225187574586,
    "Демченко В": 954.1100334624838,
    "Беляков В": 1022.3541256690888,
    "Буров С": 993.2189098053697,
    "Туницын Д": 1015.219877640003,
    "Комаров А": 1071.2585696277945,
    "Петроченко Д": 1096.3638051643559,
    "Комаров Д": 1014.8054094569534,
    "Мельников В": 1064.4515095496474,
    "Клавденков А": 1005.5977872851936,
    "Гребенюк Б": 979.3215047699349,
    "Силантьев А": 1006.3188007821879,
    "Пузанков К": 1009.3210527213593,
    "Балакин Д": 933.9119363000631,
    "Сафонов В": 996.2363081415093,
    "Петров А": 1062.2325173134623,
    "Корнеев Д": 963.5342305780631,
    "Слащев А": 961.8974362726436,
    "Садовский Н": 1061.582013816521,
    "Сергеевич И": 1047.5144919762097,
    "Селькин В": 1012.7165249556033,
    "Никулин С": 1010.7446959124491,
    "Забродин А": 1081.1333567149904,
    "Харлакин О": 1006.7652824925684,
    "Чернявский М": 990.2541826750304,
    "Карповкин Г": 1020.2363435048003,
    "Синьковский В": 890.2887209120206,
    "Нырков И": 939.4775153595409,
    "Быструшкин К": 1019.035867465897,
    "Гришаев Е": 996.0567637402178,
    "Ланин С": 952.2966605846485,
    "Гусев М": 1039.4453820397591,
    "Ольшаков К": 1013.8853106826325,
    "Куликов С": 997.3048066801331,
    "Симонов К": 1078.8992193153817,
    "Базилевский В": 859.9501724189035,
    "Пашков Н": 1027.5547122380108,
    "Пандур И": 1016.255533561951,
    "Марченко М": 1040.0891044685097,
    "Лукьянов П": 976.2014849246607,
    "Фролов А": 984.1548548393362,
    "Мерзликин Д": 967.8612034216433,
    "Бондаренко П": 1030.7851777449023,
    "Афанасьев И": 1010.4552974725184,
    "Саянов Д": 973.1412987439568,
    "Глушков М": 965.7336081235557,
    "Садков А": 994.6633014429592,
    "Головачев Э": 1022.1975983720255,
    "Кольмин А": 921.3939618253385,
    "Лановенко С": 981.410867856045,
    "Носов К": 1040.4086155933908,
    "Арутюнян А": 1007.8000583305641,
    "Федоров А": 1042.652897652449,
    "Суслов А": 1019.6910743182193,
    "Масокин Е": 1005.6616026941365,
    "Пронин О": 987.1623968359851,
    "Глазун Е": 1006.1860559541362,
    "Буянин И": 966.1764640121798,
    "Шишко Е": 1007.3204750764938,
    "Инназаров А": 955.2488930004695,
    "Ващенко А": 974.0240440234636,
    "Вологжанин В": 1005.7847167016818,
    "Евглевский Г": 1052.0012667039282,
    "Александровский М": 1002.5399474180068,
    "Юдин А": 1045.5894542931333,
    "Монаков А": 991.7361529712402,
    "Мишакин В": 892.7046594651358,
    "Кононенко А": 973.768402021672,
    "Климентьев В": 988.3433791892302,
    "Ганцев С": 982.8910599625177,
    "Агабабян Р": 1015.4807774243216,
    "Тюрин Е": 987.2535627772007,
    "Харченко Е": 972.8945828112059,
    "Молодцов Д": 966.2020111882233,
    "Ковалев И": 950.4203974496451,
    "Каплан С": 1071.7229673517004,
    "Пронкин М": 932.0414958925325,
    "Мишутин Е": 1041.427574031896,
    "Зюзиков П": 1044.872726853465,
    "Колесников Д": 1038.3485240742407,
    "Цветков В": 1010.304566326378,
    "Воронков Е": 974.7939353505844,
    "Андреев А": 923.3287357330058,
    "Афанасьев А": 975.9655226974777,
    "Сироткин А": 976.2289535267693,
    "Маркелов Е": 1057.0133423519876,
    "Семешин П": 1035.425976512734,
    "Ширшов В": 939.7984560678987,
    "Астреев Р": 1003.7176073094795,
    "Руденко В": 922.6402676362933,
    "Попроцкий А": 1048.6981626260506,
    "Ильичев М": 1018.4559651830267,
    "Андреев Д": 1046.0953255129418,
    "Цыбиков Ж": 1071.122403371286,
    "Арутюнов Р": 1027.1014027572294,
    "Максаков С": 964.9436541814619,
    "Кабанов Э": 949.2002864668789,
    "Желубенков Ал-й": 1003.5581044346112,
    "Илюхин Е": 905.0426756123618,
    "Уваров А": 1049.2454461766838,
    "Чурин К": 904.5592889638033,
    "Дахин В": 955.7395704319038,
    "Бажинов Я": 1011.9480269947419,
    "Свердлов М": 1044.5414205165027,
    "Игнатьев Д": 1045.7466619505053,
    "Кобытов Р": 987.424414771426,
    "Донценко А": 979.1976337991549,
    "Екжанов А": 985.888788378283,
    "Широков В": 1064.2362448279166,
    "Федоров В": 990.1806275142484,
    "Федоров Д": 985.6056300631772,
    "Баталов А": 960.158048675042,
    "Крючков Е": 956.2430624824685,
    "Мошков И": 1030.4119634658898,
    "Ханевский А": 932.6058789053833,
    "Духин М": 1062.9948898176929,
    "Лыфенко Н": 1007.1757761758533,
    "Минков М": 957.6419079992404,
    "Морозов С": 1091.3415118045102,
    "Буторин О": 1000.3126522828715,
    "Маршалов В": 940.781383353983,
    "Головинский А": 1007.1131505539109,
    "Трегуб А": 974.1404924921204,